PRAGMA foreign_keys=OFF;
BEGIN TRANSACTION;
CREATE TABLE IF NOT EXISTS "django_migrations" ("id" integer NOT NULL PRIMARY KEY AUTOINCREMENT, "app" varchar(255) NOT NULL, "name" varchar(255) NOT NULL, "applied" datetime NOT NULL);
INSERT INTO django_migrations VALUES(20,'contenttypes','0001_initial','2021-10-21 17:37:36.663270');
INSERT INTO django_migrations VALUES(21,'contenttypes','0002_remove_content_type_name','2021-10-21 17:37:36.678476');
INSERT INTO django_migrations VALUES(22,'auth','0001_initial','2021-10-21 17:37:36.689840');
INSERT INTO django_migrations VALUES(23,'auth','0002_alter_permission_name_max_length','2021-10-21 17:37:36.696215');
INSERT INTO django_migrations VALUES(24,'auth','0003_alter_user_email_max_length','2021-10-21 17:37:36.700904');
INSERT INTO django_migrations VALUES(25,'auth','0004_alter_user_username_opts','2021-10-21 17:37:36.705769');
INSERT INTO django_migrations VALUES(26,'auth','0005_alter_user_last_login_null','2021-10-21 17:37:36.710561');
INSERT INTO django_migrations VALUES(27,'auth','0006_require_contenttypes_0002','2021-10-21 17:37:36.712052');
INSERT INTO django_migrations VALUES(28,'auth','0007_alter_validators_add_error_messages','2021-10-21 17:37:36.716971');
INSERT INTO django_migrations VALUES(29,'auth','0008_alter_user_username_max_length','2021-10-21 17:37:36.721814');
INSERT INTO django_migrations VALUES(30,'auth','0009_alter_user_last_name_max_length','2021-10-21 17:37:36.729166');
INSERT INTO django_migrations VALUES(31,'auth','0010_alter_group_name_max_length','2021-10-21 17:37:36.735205');
INSERT INTO django_migrations VALUES(32,'auth','0011_update_proxy_permissions','2021-10-21 17:37:36.739609');
INSERT INTO django_migrations VALUES(33,'auth','0012_alter_user_first_name_max_length','2021-10-21 17:37:36.744222');
INSERT INTO django_migrations VALUES(34,'api','0001_initial','2021-10-21 17:37:36.775421');
INSERT INTO django_migrations VALUES(35,'admin','0001_initial','2021-10-21 17:37:36.789057');
INSERT INTO django_migrations VALUES(36,'admin','0002_logentry_remove_auto_add','2021-10-21 17:37:36.802915');
INSERT INTO django_migrations VALUES(37,'admin','0003_logentry_add_action_flag_choices','2021-10-21 17:37:36.825712');
INSERT INTO django_migrations VALUES(38,'sessions','0001_initial','2021-10-21 17:37:51.013004');
CREATE TABLE IF NOT EXISTS "django_content_type" ("id" integer NOT NULL PRIMARY KEY AUTOINCREMENT, "app_label" varchar(100) NOT NULL, "model" varchar(100) NOT NULL);
INSERT INTO django_content_type VALUES(1,'admin','logentry');
INSERT INTO django_content_type VALUES(2,'auth','permission');
INSERT INTO django_content_type VALUES(3,'auth','group');
INSERT INTO django_content_type VALUES(4,'contenttypes','contenttype');
INSERT INTO django_content_type VALUES(5,'sessions','session');
INSERT INTO django_content_type VALUES(6,'api','user');
INSERT INTO django_content_type VALUES(7,'api','board');
INSERT INTO django_content_type VALUES(8,'api','todo');
CREATE TABLE IF NOT EXISTS "auth_group_permissions" ("id" integer NOT NULL PRIMARY KEY AUTOINCREMENT, "group_id" integer NOT NULL REFERENCES "auth_group" ("id") DEFERRABLE INITIALLY DEFERRED, "permission_id" integer NOT NULL REFERENCES "auth_permission" ("id") DEFERRABLE INITIALLY DEFERRED);
CREATE TABLE IF NOT EXISTS "auth_permission" ("id" integer NOT NULL PRIMARY KEY AUTOINCREMENT, "content_type_id" integer NOT NULL REFERENCES "django_content_type" ("id") DEFERRABLE INITIALLY DEFERRED, "codename" varchar(100) NOT NULL, "name" varchar(255) NOT NULL);
INSERT INTO auth_permission VALUES(1,1,'add_logentry','Can add log entry');
INSERT INTO auth_permission VALUES(2,1,'change_logentry','Can change log entry');
INSERT INTO auth_permission VALUES(3,1,'delete_logentry','Can delete log entry');
INSERT INTO auth_permission VALUES(4,1,'view_logentry','Can view log entry');
INSERT INTO auth_permission VALUES(5,2,'add_permission','Can add permission');
INSERT INTO auth_permission VALUES(6,2,'change_permission','Can change permission');
INSERT INTO auth_permission VALUES(7,2,'delete_permission','Can delete permission');
INSERT INTO auth_permission VALUES(8,2,'view_permission','Can view permission');
INSERT INTO auth_permission VALUES(9,3,'add_group','Can add group');
INSERT INTO auth_permission VALUES(10,3,'change_group','Can change group');
INSERT INTO auth_permission VALUES(11,3,'delete_group','Can delete group');
INSERT INTO auth_permission VALUES(12,3,'view_group','Can view group');
INSERT INTO auth_permission VALUES(13,4,'add_contenttype','Can add content type');
INSERT INTO auth_permission VALUES(14,4,'change_contenttype','Can change content type');
INSERT INTO auth_permission VALUES(15,4,'delete_contenttype','Can delete content type');
INSERT INTO auth_permission VALUES(16,4,'view_contenttype','Can view content type');
INSERT INTO auth_permission VALUES(17,5,'add_session','Can add session');
INSERT INTO auth_permission VALUES(18,5,'change_session','Can change session');
INSERT INTO auth_permission VALUES(19,5,'delete_session','Can delete session');
INSERT INTO auth_permission VALUES(20,5,'view_session','Can view session');
INSERT INTO auth_permission VALUES(21,6,'add_user','Can add user');
INSERT INTO auth_permission VALUES(22,6,'change_user','Can change user');
INSERT INTO auth_permission VALUES(23,6,'delete_user','Can delete user');
INSERT INTO auth_permission VALUES(24,6,'view_user','Can view user');
INSERT INTO auth_permission VALUES(25,7,'add_board','Can add board');
INSERT INTO auth_permission VALUES(26,7,'change_board','Can change board');
INSERT INTO auth_permission VALUES(27,7,'delete_board','Can delete board');
INSERT INTO auth_permission VALUES(28,7,'view_board','Can view board');
INSERT INTO auth_permission VALUES(29,8,'add_todo','Can add todo');
INSERT INTO auth_permission VALUES(30,8,'change_todo','Can change todo');
INSERT INTO auth_permission VALUES(31,8,'delete_todo','Can delete todo');
INSERT INTO auth_permission VALUES(32,8,'view_todo','Can view todo');
CREATE TABLE IF NOT EXISTS "auth_group" ("id" integer NOT NULL PRIMARY KEY AUTOINCREMENT, "name" varchar(150) NOT NULL UNIQUE);
CREATE TABLE IF NOT EXISTS "api_user" ("id" integer NOT NULL PRIMARY KEY AUTOINCREMENT, "password" varchar(128) NOT NULL, "last_login" datetime NULL, "is_superuser" bool NOT NULL, "username" varchar(150) NOT NULL UNIQUE, "first_name" varchar(150) NOT NULL, "last_name" varchar(150) NOT NULL, "email" varchar(254) NOT NULL, "is_staff" bool NOT NULL, "is_active" bool NOT NULL, "date_joined" datetime NOT NULL, "status" integer NOT NULL);
INSERT INTO api_user VALUES(1,'pbkdf2_sha256$260000$oFtdaJmTh6kZV9yoy29qhN$pbtrTwaVvPE4TGIxrL19FBHMqbegfZrxJNY64MCmy3M=',NULL,1,'mariiam','Mariia','Matviichuk','mariia@example.com',1,1,'2021-10-22 14:45:07',1);
INSERT INTO api_user VALUES(2,'pbkdf2_sha256$260000$oFtdaJmTh6kZV9yoy29qhN$pbtrTwaVvPE4TGIxrL19FBHMqbegfZrxJNY64MCmy3M=',NULL,0,'superuser','John','Smith','smith@example.com',1,1,'2021-10-22 14:45:13',1);
INSERT INTO api_user VALUES(3,'pbkdf2_sha256$260000$oFtdaJmTh6kZV9yoy29qhN$pbtrTwaVvPE4TGIxrL19FBHMqbegfZrxJNY64MCmy3M=',NULL,0,'abrook','Anna','Brook','brook@example.com',1,1,'2021-10-22 14:44:58',1);
CREATE TABLE IF NOT EXISTS "api_user_groups" ("id" integer NOT NULL PRIMARY KEY AUTOINCREMENT, "user_id" bigint NOT NULL REFERENCES "api_user" ("id") DEFERRABLE INITIALLY DEFERRED, "group_id" integer NOT NULL REFERENCES "auth_group" ("id") DEFERRABLE INITIALLY DEFERRED);
CREATE TABLE IF NOT EXISTS "api_user_user_permissions" ("id" integer NOT NULL PRIMARY KEY AUTOINCREMENT, "user_id" bigint NOT NULL REFERENCES "api_user" ("id") DEFERRABLE INITIALLY DEFERRED, "permission_id" integer NOT NULL REFERENCES "auth_permission" ("id") DEFERRABLE INITIALLY DEFERRED);
CREATE TABLE IF NOT EXISTS "api_board" ("id" integer NOT NULL PRIMARY KEY AUTOINCREMENT, "topic" text NOT NULL, "owner_id" bigint NOT NULL REFERENCES "api_user" ("id") DEFERRABLE INITIALLY DEFERRED);
INSERT INTO api_board VALUES(3,'grocery',1);
INSERT INTO api_board VALUES(4,'house',1);
INSERT INTO api_board VALUES(5,'work',2);
INSERT INTO api_board VALUES(6,'journey',3);
CREATE TABLE IF NOT EXISTS "api_board_participants" ("id" integer NOT NULL PRIMARY KEY AUTOINCREMENT, "board_id" bigint NOT NULL REFERENCES "api_board" ("id") DEFERRABLE INITIALLY DEFERRED, "user_id" bigint NOT NULL REFERENCES "api_user" ("id") DEFERRABLE INITIALLY DEFERRED);
INSERT INTO api_board_participants VALUES(2,3,2);
INSERT INTO api_board_participants VALUES(3,5,2);
INSERT INTO api_board_participants VALUES(4,6,1);
INSERT INTO api_board_participants VALUES(5,3,1);
INSERT INTO api_board_participants VALUES(6,4,2);
CREATE TABLE IF NOT EXISTS "api_todo" ("id" integer NOT NULL PRIMARY KEY AUTOINCREMENT, "title" varchar(100) NOT NULL, "description" text NOT NULL, "due_date" date NOT NULL, "status" integer NOT NULL, "todo_list_id" bigint NOT NULL REFERENCES "api_board" ("id") DEFERRABLE INITIALLY DEFERRED);
INSERT INTO api_todo VALUES(2,'title2','lorem ipsum','2021-12-12',2,3);
INSERT INTO api_todo VALUES(3,'title3','lorem ipsum','2022-11-12',3,3);
INSERT INTO api_todo VALUES(4,'clean room','lorem ipsum','2021-12-12',1,4);
INSERT INTO api_todo VALUES(5,'book hotel','lorem ipsum','2022-09-09',1,6);
CREATE TABLE IF NOT EXISTS "django_admin_log" ("id" integer NOT NULL PRIMARY KEY AUTOINCREMENT, "action_time" datetime NOT NULL, "object_id" text NULL, "object_repr" varchar(200) NOT NULL, "change_message" text NOT NULL, "content_type_id" integer NULL REFERENCES "django_content_type" ("id") DEFERRABLE INITIALLY DEFERRED, "user_id" bigint NOT NULL REFERENCES "api_user" ("id") DEFERRABLE INITIALLY DEFERRED, "action_flag" smallint unsigned NOT NULL CHECK ("action_flag" >= 0));
INSERT INTO django_admin_log VALUES(1,'2021-10-21 17:45:19.422142','1','mariiam','[{"changed": {"fields": ["First name", "Last name"]}}]',6,1,2);
INSERT INTO django_admin_log VALUES(2,'2021-10-21 20:37:15.892890','2','superuser','[{"added": {}}]',6,1,1);
INSERT INTO django_admin_log VALUES(3,'2021-10-21 20:37:28.696481','2','superuser','[{"changed": {"fields": ["First name", "Last name"]}}]',6,1,2);
INSERT INTO django_admin_log VALUES(4,'2021-10-22 14:45:00.688914','3','abrook','[{"changed": {"fields": ["Date joined"]}}]',6,1,2);
INSERT INTO django_admin_log VALUES(5,'2021-10-22 14:45:09.232344','1','mariiam','[{"changed": {"fields": ["Date joined"]}}]',6,1,2);
INSERT INTO django_admin_log VALUES(6,'2021-10-22 14:45:14.778024','2','superuser','[{"changed": {"fields": ["Date joined"]}}]',6,1,2);
CREATE TABLE IF NOT EXISTS "django_session" ("session_key" varchar(40) NOT NULL PRIMARY KEY, "session_data" text NOT NULL, "expire_date" datetime NOT NULL);
INSERT INTO django_session VALUES('ni14cuqmf9v18audhb0qyhvv74mtnedi','.eJxVjDsOwjAQBe_iGlnr4AWbkj5nsPbj4ABypDipEHeHSCmgfTPzXibRupS0tjynUc3FOHP43ZjkkesG9E71NlmZ6jKPbDfF7rTZftL8vO7u30GhVr41krCwQoTguhwAMXuMeAIZEIX9OQB5jceQo3dKKEMXgldhJiBRMu8P5lc4hw:1mdc5E:lLN_QSw0xQ83EqM02kHkIUa_vz9bnCDD8YcnIWqtCok','2021-11-04 17:42:28.836948');
INSERT INTO django_session VALUES('1pakvvkqc3b23rnnsqlyueofqg9kzdws','.eJxVjDsOwjAQBe_iGlnr4AWbkj5nsPbj4ABypDipEHeHSCmgfTPzXibRupS0tjynUc3FOHP43ZjkkesG9E71NlmZ6jKPbDfF7rTZftL8vO7u30GhVr41krCwQoTguhwAMXuMeAIZEIX9OQB5jceQo3dKKEMXgldhJiBRMu8P5lc4hw:1mdu3N:L1iR634JKVjww7mY6EFB7Mg7pSvT7ok--8i6Pb8TKbg','2021-11-05 12:53:45.538977');
DELETE FROM sqlite_sequence;
INSERT INTO sqlite_sequence VALUES('django_migrations',38);
INSERT INTO sqlite_sequence VALUES('django_content_type',8);
INSERT INTO sqlite_sequence VALUES('auth_permission',32);
INSERT INTO sqlite_sequence VALUES('auth_group',0);
INSERT INTO sqlite_sequence VALUES('django_admin_log',6);
INSERT INTO sqlite_sequence VALUES('api_user',3);
INSERT INTO sqlite_sequence VALUES('api_board',6);
INSERT INTO sqlite_sequence VALUES('api_todo',5);
INSERT INTO sqlite_sequence VALUES('api_board_participants',6);
CREATE UNIQUE INDEX "django_content_type_app_label_model_76bd3d3b_uniq" ON "django_content_type" ("app_label", "model");
CREATE UNIQUE INDEX "auth_group_permissions_group_id_permission_id_0cd325b0_uniq" ON "auth_group_permissions" ("group_id", "permission_id");
CREATE INDEX "auth_group_permissions_group_id_b120cbf9" ON "auth_group_permissions" ("group_id");
CREATE INDEX "auth_group_permissions_permission_id_84c5c92e" ON "auth_group_permissions" ("permission_id");
CREATE UNIQUE INDEX "auth_permission_content_type_id_codename_01ab375a_uniq" ON "auth_permission" ("content_type_id", "codename");
CREATE INDEX "auth_permission_content_type_id_2f476e4b" ON "auth_permission" ("content_type_id");
CREATE UNIQUE INDEX "api_user_groups_user_id_group_id_9c7ddfb5_uniq" ON "api_user_groups" ("user_id", "group_id");
CREATE INDEX "api_user_groups_user_id_a5ff39fa" ON "api_user_groups" ("user_id");
CREATE INDEX "api_user_groups_group_id_3af85785" ON "api_user_groups" ("group_id");
CREATE UNIQUE INDEX "api_user_user_permissions_user_id_permission_id_a06dd704_uniq" ON "api_user_user_permissions" ("user_id", "permission_id");
CREATE INDEX "api_user_user_permissions_user_id_f3945d65" ON "api_user_user_permissions" ("user_id");
CREATE INDEX "api_user_user_permissions_permission_id_305b7fea" ON "api_user_user_permissions" ("permission_id");
CREATE INDEX "api_board_owner_id_989fda83" ON "api_board" ("owner_id");
CREATE UNIQUE INDEX "api_board_participants_board_id_user_id_7af34bb9_uniq" ON "api_board_participants" ("board_id", "user_id");
CREATE INDEX "api_board_participants_board_id_7e034e35" ON "api_board_participants" ("board_id");
CREATE INDEX "api_board_participants_user_id_ec667333" ON "api_board_participants" ("user_id");
CREATE INDEX "api_todo_todo_list_id_0cc803d5" ON "api_todo" ("todo_list_id");
CREATE INDEX "django_admin_log_content_type_id_c4bce8eb" ON "django_admin_log" ("content_type_id");
CREATE INDEX "django_admin_log_user_id_c564eba6" ON "django_admin_log" ("user_id");
CREATE INDEX "django_session_expire_date_a5c62663" ON "django_session" ("expire_date");
COMMIT;
